_id,case_enquiry_id,open_dt,sla_target_dt,closed_dt,on_time,case_status,closure_reason,case_title,subject,reason,type,queue,department,submitted_photo,closed_photo,location,fire_district,pwd_district,city_council_district,police_district,neighborhood,neighborhood_services_district,ward,precinct,location_street_name,location_zipcode,latitude,longitude,geom_4326,source,combined_info
2290,101002770517,2019-01-04 10:58:00,,2019-10-02 05:08:54,ONTIME,Closed,Case Closed. Closed date : 2019-10-02 09:08:54.59 Case Resolved Animal control officer Egan transported the dog to the shelter at the time of the call.   Thank you! ,Animal Generic Request,Animal Control,Animal Issues,Animal Generic Request,INFO01_GenericeFormforOtherServiceRequestTypes,INFO,,,260 N Beacon St  Brighton  MA  02135,11,04,9,D14,Allston / Brighton,15,Ward 22,2212,260 N Beacon St,2135.0,42.35636964206394,-71.15193066142776,0101000020E6100000E185613BB9C951C0D6F93A859D2D4540,Constituent Call,Case Closed. Closed date : 2019-10-02 09:08:54.59 Case Resolved Animal control officer Egan transported the dog to the shelter at the time of the call.   Thank you!  Animal Generic Request
2570,101002770842,2019-01-05 05:34:00,,2019-10-02 04:51:49,ONTIME,Closed,Case Closed. Closed date : 2019-10-02 08:51:49.9 Case Resolved Animal control officer Egan transported the dog to the shelter at the time of the call.   Thank you! ,Animal Generic Request,Animal Control,Animal Issues,Animal Generic Request,INFO01_GenericeFormforOtherServiceRequestTypes,INFO,,,158 Putnam St  East Boston  MA  02128,1,09,1,A7,East Boston,1,Ward 1,0110,158 Putnam St,2128.0,42.37748948381783,-71.03099034259638,0101000020E61000005FFCEABEFBC151C06ECA4D9351304540,Constituent Call,Case Closed. Closed date : 2019-10-02 08:51:49.9 Case Resolved Animal control officer Egan transported the dog to the shelter at the time of the call.   Thank you!  Animal Generic Request
2760,101002771065,2019-01-05 15:14:00,,2019-01-05 16:34:12,ONTIME,Closed,Case Closed. Closed date : 2019-01-05 21:34:12.99 Case Resolved Mr Fabrizio called back to state he found his dog ,Animal Lost,Animal Control,Animal Issues,Animal Lost,ANML02_LostFound,ANML,,,9 Greylock Rd  Allston  MA  02134,11,04,9,D14,Allston / Brighton,15,Ward 21,2107,9 Greylock Rd,2134.0,42.35036962143851,-71.13537063756661,0101000020E6100000FC4B9BE9A9C851C08FCB68E9D82C4540,Constituent Call,Case Closed. Closed date : 2019-01-05 21:34:12.99 Case Resolved Mr Fabrizio called back to state he found his dog  Animal Lost
3760,101002772214,2019-01-07 13:05:00,,2019-01-07 13:38:31,ONTIME,Closed,Case Closed. Closed date : 2019-01-07 18:38:31.97 Constituent called back stating she no long has dog with her.  ,Animal Generic Request,Animal Control,Animal Issues,Animal Generic Request,INFO01_GenericeFormforOtherServiceRequestTypes,INFO,,,165 New England Ave  Dorchester  MA  02124,8,07,4,B3,Dorchester,9,17,1705,165 New England Ave,2124.0,42.28870867329384,-71.07839968871893,0101000020E61000001FC4208004C551C02EEFE267F4244540,Constituent Call,Case Closed. Closed date : 2019-01-07 18:38:31.97 Constituent called back stating she no long has dog with her.   Animal Generic Request
4413,101002772973,2019-01-08 12:27:00,,2019-10-02 06:08:41,ONTIME,Closed,Case Closed. Closed date : 2019-10-02 10:08:41.327 Case Resolved The dog was returned to its owner at the time of the call.   Thank you!  ,Animal Found,Animal Control,Animal Issues,Animal Found,ANML02_LostFound,ANML,,,1 Cliffmont St  Roslindale  MA  02131,12,08,5,E18,Roslindale,10,18,1809,1 Cliffmont St,2131.0,42.27749377548169,-71.12080726251122,0101000020E6100000B866624EBBC751C0CA4481EA84234540,Constituent Call,Case Closed. Closed date : 2019-10-02 10:08:41.327 Case Resolved The dog was returned to its owner at the time of the call.   Thank you!   Animal Found
4455,101002773021,2019-01-08 13:35:00,,2019-10-02 06:05:57,ONTIME,Closed,Case Closed. Closed date : 2019-10-02 10:05:57.817 Case Resolved Animal control officer Gillis transported the dog to the shelter at the time of the shelter.   Thank you! ,Animal Generic Request,Animal Control,Animal Issues,Animal Generic Request,INFO01_GenericeFormforOtherServiceRequestTypes,INFO,,,38 Navarre St  Roslindale  MA  02131,12,08,5,E18,Roslindale,10,Ward 18,1808,38 Navarre St,2131.0,42.27723960957408,-71.11726076050599,0101000020E61000008CDE463381C751C0642368967C234540,Constituent Call,Case Closed. Closed date : 2019-10-02 10:05:57.817 Case Resolved Animal control officer Gillis transported the dog to the shelter at the time of the shelter.   Thank you!  Animal Generic Request
4511,101002773088,2019-01-08 16:47:00,,2019-10-02 05:57:03,ONTIME,Closed,Case Closed. Closed date : 2019-10-02 09:57:03.07 Case Resolved Animal control officer Munroe transported the dog to the shelter at the time of the call.   Thank you!  ,Animal Found,Animal Control,Animal Issues,Animal Found,ANML02_LostFound,ANML,,,95 G St  South Boston  MA  02127,6,05,2,C6,South Boston,5,07,0703,95 G St,2127.0,42.33285950449383,-71.04489047369646,0101000020E6100000681B4B7CDFC251C05DFBE6239B2A4540,Constituent Call,Case Closed. Closed date : 2019-10-02 09:57:03.07 Case Resolved Animal control officer Munroe transported the dog to the shelter at the time of the call.   Thank you!   Animal Found
5299,101002774009,2019-01-10 02:06:00,,2019-10-02 06:28:15,ONTIME,Closed,Case Closed. Closed date : 2019-10-02 10:28:15.863 Case Resolved Good Morning!   Animal control officer Fabiano transported the dog to the shelter at the time of the call.   Thank you!  ,Animal Generic Request,Animal Control,Animal Issues,Animal Generic Request,INFO01_GenericeFormforOtherServiceRequestTypes,INFO,,,60 Goodale Rd  Mattapan  MA  02126,8,07,4,B3,Greater Mattapan,9,Ward 14,1414,60 Goodale Rd,2126.0,42.283759575609736,-71.09418069382197,0101000020E610000051F8750E07C651C0D895D83B52244540,Constituent Call,Case Closed. Closed date : 2019-10-02 10:28:15.863 Case Resolved Good Morning!   Animal control officer Fabiano transported the dog to the shelter at the time of the call.   Thank you!   Animal Generic Request
5834,101002774641,2019-01-10 16:13:00,,2019-01-10 16:54:32,ONTIME,Closed,Case Closed. Closed date : 2019-01-10 21:54:32.853 Case Noted Constituent found the owner of the dog  notified ISD on call. ,Animal Found,Animal Control,Animal Issues,Animal Found,ANML02_LostFound,ANML,,,69 Lyndhurst St  Dorchester  MA  02124,8,07,4,C11,Dorchester,8,Ward 17,1706,69 Lyndhurst St,2124.0,42.29302953934359,-71.06855061570566,0101000020E6100000E5241F2263C451C00F1FF0FD81254540,Constituent Call,Case Closed. Closed date : 2019-01-10 21:54:32.853 Case Noted Constituent found the owner of the dog  notified ISD on call.  Animal Found
5863,101002774676,2019-01-10 18:32:00,,2019-10-02 09:42:56,ONTIME,Closed,Case Closed. Closed date : 2019-10-02 13:42:56.837 Case Resolved ACO Munroe transported the dog to the shelter.   Thank you!  ,Animal Found,Animal Control,Animal Issues,Animal Found,ANML02_LostFound,ANML,,,1884 Dorchester Ave  Dorchester  MA  02124,8,07,3,C11,Dorchester,7,16,1606,1884 Dorchester Ave,2124.0,42.28648703427525,-71.06388035137601,0101000020E610000016019D9D16C451C05A786D9BAB244540,Constituent Call,Case Closed. Closed date : 2019-10-02 13:42:56.837 Case Resolved ACO Munroe transported the dog to the shelter.   Thank you!   Animal Found
6773,101002775722,2019-01-13 03:59:00,,2019-10-03 10:55:24,ONTIME,Closed,Case Closed. Closed date : 2019-10-03 14:55:24.57 Case Resolved The dog was returned to its owner at the time of the call.   Thank you! ,Animal Generic Request,Animal Control,Animal Issues,Animal Generic Request,INFO01_GenericeFormforOtherServiceRequestTypes,INFO,,,40 Gibson St  Dorchester  MA  02122,7,07,3,C11,Dorchester,7,16,1601,40 Gibson St,2122.0,42.29796989465436,-71.0592601792182,0101000020E6100000A0EC34EBCAC351C0D45DA4E023264540,Constituent Call,Case Closed. Closed date : 2019-10-03 14:55:24.57 Case Resolved The dog was returned to its owner at the time of the call.   Thank you!  Animal Generic Request
7836,101002776990,2019-01-15 05:09:00,,2019-10-03 12:59:53,ONTIME,Closed,Case Closed. Closed date : 2019-10-03 16:59:53.39 Case Resolved ACO Gillis responded to the location at the tiem of the call and was unable to locate the dog.   Thank you! ,Animal Generic Request,Animal Control,Animal Issues,Animal Generic Request,INFO01_GenericeFormforOtherServiceRequestTypes,INFO,,,INTERSECTION of Truman Pkwy & Williams Ave  Hyde Park  MA  ,12,08,5,E18,Hyde Park,10,18,1818,INTERSECTION Truman Pkwy & Williams Ave,,42.251598579612434,-71.11984073173528,0101000020E610000008E27578ABC751C0E693DB6134204540,Constituent Call,Case Closed. Closed date : 2019-10-03 16:59:53.39 Case Resolved ACO Gillis responded to the location at the tiem of the call and was unable to locate the dog.   Thank you!  Animal Generic Request
8011,101002777192,2019-01-15 08:21:00,,2019-10-03 12:22:16,ONTIME,Closed,Case Closed. Closed date : 2019-10-03 16:22:16.95 Case Resolved Animal control officer Gillis was unable to make contact with the dog at the time of the call.   Thank you! ,Animal Found,Animal Control,Animal Issues,Animal Found,ANML02_LostFound,ANML,,,132 Eustis St  Roxbury  MA  02119,7,10B,7,B2,Roxbury,13,Ward 8,0803,132 Eustis St,2119.0,42.328999548828726,-71.07808055682075,0101000020E6100000E97F9745FFC451C01F4F3FA81C2A4540,Constituent Call,Case Closed. Closed date : 2019-10-03 16:22:16.95 Case Resolved Animal control officer Gillis was unable to make contact with the dog at the time of the call.   Thank you!  Animal Found
8025,101002777206,2019-01-15 08:35:00,,2019-10-03 12:20:50,ONTIME,Closed,Case Closed. Closed date : 2019-10-03 16:20:50.02 Case Resolved Animal control officer Jenner transported the dog to the shelter at the time of the call.   Thank you!  ,Animal Generic Request,Animal Control,Animal Issues,Animal Generic Request,INFO01_GenericeFormforOtherServiceRequestTypes,INFO,,,INTERSECTION of Boylston St & Lamartine St  Jamaica Plain  MA  ,9,02,6,E13,Jamaica Plain,11,19,1904,INTERSECTION Boylston St & Lamartine St,,42.31701885978502,-71.10490067435519,0101000020E6100000C56B51B1B6C651C0F67EF11294284540,Constituent Call,Case Closed. Closed date : 2019-10-03 16:20:50.02 Case Resolved Animal control officer Jenner transported the dog to the shelter at the time of the call.   Thank you!   Animal Generic Request
8035,101002777220,2019-01-15 08:53:00,,2019-10-03 12:15:40,ONTIME,Closed,Case Closed. Closed date : 2019-10-03 16:15:40.41 Case Resolved Animal control officer Jenner transported the dog to the shelter at the time of the call.   Thank you!  ,Animal Generic Request,Animal Control,Animal Issues,Animal Generic Request,INFO01_GenericeFormforOtherServiceRequestTypes,INFO,,,15 Cranston St  Jamaica Plain  MA  02130,9,02,6,E13,Jamaica Plain,11,Ward 19,1901,15 Cranston St,2130.0,42.32115959185312,-71.10968064547453,0101000020E61000004E54F80105C751C027E7EBC11B294540,Constituent Call,Case Closed. Closed date : 2019-10-03 16:15:40.41 Case Resolved Animal control officer Jenner transported the dog to the shelter at the time of the call.   Thank you!   Animal Generic Request
8193,101002777404,2019-01-15 13:08:00,,2019-10-03 10:57:59,ONTIME,Closed,Case Closed. Closed date : 2019-10-03 14:57:59.63 Case Resolved Animal control officer patroled the area for unleashed dogs a the time of the call.   Thank you!  ,Animal Generic Request,Animal Control,Animal Issues,Animal Generic Request,INFO01_GenericeFormforOtherServiceRequestTypes,INFO,,,INTERSECTION of E Newton St & Washington St  Roxbury  MA  ,4,1C,3,D4,South End,6,8,0802,INTERSECTION E Newton St & Washington St,,42.33883084307145,-71.07355962688592,0101000020E6100000FCF16F33B5C451C01AEF1ECF5E2B4540,Constituent Call,Case Closed. Closed date : 2019-10-03 14:57:59.63 Case Resolved Animal control officer patroled the area for unleashed dogs a the time of the call.   Thank you!   Animal Generic Request
8810,101002778120,2019-01-16 09:02:00,,2019-10-03 11:56:54,ONTIME,Closed,Case Closed. Closed date : 2019-10-03 15:56:54.78 Case Resolved Animal control officer Gillis responded to the locationat the time of the call and was unable to locate the dog.   Thank you! ,Animal Generic Request,Animal Control,Animal Issues,Animal Generic Request,INFO01_GenericeFormforOtherServiceRequestTypes,INFO,,,INTERSECTION of Belden St & Humphreys St  Dorchester  MA  ,7,03,3,B2,Dorchester,13,7,0710,INTERSECTION Belden St & Humphreys St,,42.320055687347136,-71.06587067358588,0101000020E61000004734A13937C451C00207B395F7284540,Constituent Call,Case Closed. Closed date : 2019-10-03 15:56:54.78 Case Resolved Animal control officer Gillis responded to the locationat the time of the call and was unable to locate the dog.   Thank you!  Animal Generic Request
10077,101002779606,2019-01-18 09:12:00,,2019-10-03 12:49:23,ONTIME,Closed,Case Closed. Closed date : 2019-10-03 16:49:23.093 Case Resolved The dog was returned to its owner at the time of the call.   Thank you! ,Animal Generic Request,Animal Control,Animal Issues,Animal Generic Request,INFO01_GenericeFormforOtherServiceRequestTypes,INFO,,,38 Mozart St  Jamaica Plain  MA  02130,9,10A,6,E13,Jamaica Plain,11,Ward 10,1007,38 Mozart St,2130.0,42.321429585632885,-71.10453063330606,0101000020E6100000B3DE40A1B0C651C04A21CB9A24294540,Constituent Call,Case Closed. Closed date : 2019-10-03 16:49:23.093 Case Resolved The dog was returned to its owner at the time of the call.   Thank you!  Animal Generic Request
10270,101002779841,2019-01-18 18:03:00,,2019-01-18 19:06:03,ONTIME,Closed,Case Closed. Closed date : 2019-01-19 00:06:03.387 Case Resolved Owner confirmed they were able to regain possession of their dog. ,Animal Lost,Animal Control,Animal Issues,Animal Lost,ANML02_LostFound,ANML,,,44 Laurie Ave  West Roxbury  MA  02132,12,06,6,E5,West Roxbury,12,Ward 20,2016,44 Laurie Ave,2132.0,42.27043968453079,-71.16987089509975,0101000020E6100000B9BF2C2ADFCA51C0D64C80C49D224540,Constituent Call,Case Closed. Closed date : 2019-01-19 00:06:03.387 Case Resolved Owner confirmed they were able to regain possession of their dog.  Animal Lost
10487,101002780113,2019-01-19 10:56:00,,2019-10-03 12:41:33,ONTIME,Closed,Case Closed. Closed date : 2019-10-03 16:41:33.427 Case Resolved Animal control officer Gillis transported t he dog to the shelter at the time of the call.   Thank you!   ,Animal Found,Animal Control,Animal Issues,Animal Found,ANML02_LostFound,ANML,,,12 Centervale Park  Dorchester  MA  02124,8,07,3,C11,Dorchester,7,Ward 16,1601,12 Centervale Park,2124.0,42.29660953203945,-71.06333059619476,0101000020E610000088DFC59B0DC451C049E5174DF7254540,Constituent Call,Case Closed. Closed date : 2019-10-03 16:41:33.427 Case Resolved Animal control officer Gillis transported t he dog to the shelter at the time of the call.   Thank you!    Animal Found
10843,101002780649,2019-01-20 10:59:00,,2019-10-03 12:33:29,ONTIME,Closed,Case Closed. Closed date : 2019-10-03 16:33:29.437 Case Resolved Animal control officer patroled the area for unleashed dogs at the time of the call.   Thank you!  ,Animal Generic Request,Animal Control,Animal Issues,Animal Generic Request,INFO01_GenericeFormforOtherServiceRequestTypes,INFO,,,INTERSECTION of Polk St & Medford St  Charlestown  MA  ,3,1A,1,A15,Charlestown,2,2,0204,INTERSECTION Polk St & Medford St,,42.38027456034344,-71.0603772440541,0101000020E6100000A3288438DDC351C0821638D6AC304540,Constituent Call,Case Closed. Closed date : 2019-10-03 16:33:29.437 Case Resolved Animal control officer patroled the area for unleashed dogs at the time of the call.   Thank you!   Animal Generic Request
12588,101002783297,2019-01-22 14:01:00,,2019-10-04 14:57:12,ONTIME,Closed,Case Closed. Closed date : 2019-10-04 18:57:12.357 Case Resolved Animal control officer Jenner transported the dog to the animal shelter at the time of the call.   Thank you! ,Animal Generic Request,Animal Control,Animal Issues,Animal Generic Request,INFO01_GenericeFormforOtherServiceRequestTypes,INFO,,,INTERSECTION of Ashmont St & Dorchester Ave  Dorchester  MA  ,8,07,4,C11,Dorchester,7,16,1606,INTERSECTION Ashmont St & Dorchester Ave,,42.28575180860248,-71.06430909113477,0101000020E610000099D0E0A31DC451C0395CE88393244540,Constituent Call,Case Closed. Closed date : 2019-10-04 18:57:12.357 Case Resolved Animal control officer Jenner transported the dog to the animal shelter at the time of the call.   Thank you!  Animal Generic Request
13786,101002784822,2019-01-23 12:36:00,2019-01-25 03:30:00,2019-01-23 13:45:03,ONTIME,Closed,Case Closed. Closed date : 2019-01-23 18:45:03.437 Case Resolved Picked up dead dog ,Pick up Dead Animal,Public Works Department,Street Cleaning,Pick up Dead Animal,PWDx_District 07: South Dorchester,PWDx,,,31 Gallivan Blvd  Dorchester  MA  02124,8,07,4,B3,Dorchester,7,Ward 17,1712,31 Gallivan Blvd,2124.0,42.2782195532675,-71.07761066923226,0101000020E6100000168BBD92F7C451C02132C5B29C234540,Constituent Call,Case Closed. Closed date : 2019-01-23 18:45:03.437 Case Resolved Picked up dead dog  Pick up Dead Animal
14204,101002785329,2019-01-24 04:10:00,,2019-10-04 15:27:13,ONTIME,Closed,Case Closed. Closed date : 2019-10-04 19:27:13.367 Case Resolved Good morning!   This call was cancelled  dogs were returned to the owners.   Thank you!  ,Animal Found,Animal Control,Animal Issues,Animal Found,ANML02_LostFound,ANML,,,134 Dana Ave  Hyde Park  MA  02136,12,08,5,E18,Hyde Park,10,Ward 18,1818,134 Dana Ave,2136.0,42.24874962480492,-71.1208008311589,0101000020E61000000ECA6833BBC751C0F6B61707D71F4540,Constituent Call,Case Closed. Closed date : 2019-10-04 19:27:13.367 Case Resolved Good morning!   This call was cancelled  dogs were returned to the owners.   Thank you!   Animal Found
14807,101002786072,2019-01-24 15:04:00,,2019-10-04 16:12:33,ONTIME,Closed,Case Closed. Closed date : 2019-10-04 20:12:33.337 Case Resolved Animal control officer Munroe was unable to locate the dog at the time of the call.   Thank you! ,Animal Found,Animal Control,Animal Issues,Animal Found,ANML02_LostFound,ANML,,,190 Bowdoin St  Dorchester  MA  02121,7,03,4,C11,Dorchester,8,Ward 15,1502,190 Bowdoin St,2121.0,42.30489953932279,-71.06921059038876,0101000020E61000006C9041F26DC451C07AFAB6F206274540,Constituent Call,Case Closed. Closed date : 2019-10-04 20:12:33.337 Case Resolved Animal control officer Munroe was unable to locate the dog at the time of the call.   Thank you!  Animal Found
14850,101002786123,2019-01-24 17:13:00,,2019-10-04 15:28:10,ONTIME,Closed,Case Closed. Closed date : 2019-10-04 19:28:10.943 Case Resolved The dog was returned to its owner at the time of the call.   Thank you!  ,Animal Found,Animal Control,Animal Issues,Animal Found,ANML02_LostFound,ANML,,,14 E Springfield St  Roxbury  MA  02118,4,1C,2,D4,South End,6,Ward 8,0802,14 E Springfield St,2118.0,42.33661954477954,-71.07562053426584,0101000020E6100000FB6482F7D6C451C0E2026859162B4540,Constituent Call,Case Closed. Closed date : 2019-10-04 19:28:10.943 Case Resolved The dog was returned to its owner at the time of the call.   Thank you!   Animal Found
15923,101002787352,2019-01-26 05:27:00,,2019-10-04 16:05:32,ONTIME,Closed,Case Closed. Closed date : 2019-10-04 20:05:32.82 Case Resolved The dog was returned to its owner at the time of the call.   Thank you!  ,Animal Generic Request,Animal Control,Animal Issues,Animal Generic Request,INFO01_GenericeFormforOtherServiceRequestTypes,INFO,,,18 Spring St  West Roxbury  MA  02132,12,06,6,E5,West Roxbury,12,Ward 20,2005,18 Spring St,2132.0,42.2777896701489,-71.16097085831814,0101000020E61000007805B7584DCA51C0633AA69C8E234540,Constituent Call,Case Closed. Closed date : 2019-10-04 20:05:32.82 Case Resolved The dog was returned to its owner at the time of the call.   Thank you!   Animal Generic Request
16531,101002788061,2019-01-27 11:53:00,,2019-10-04 15:40:08,ONTIME,Closed,Case Closed. Closed date : 2019-10-04 19:40:08.457 Case Resolved Animal control officer Jenner responded to the location at the time of the call and the dog was gone on arrival.   Thank you! ,Animal Found,Animal Control,Animal Issues,Animal Found,ANML02_LostFound,ANML,,,8 Baker Ave  Dorchester  MA  02125,7,03,3,B2,Dorchester,8,Ward 15,1501,8 Baker Ave,2125.0,42.312180541567294,-71.07121757853471,0101000020E61000003EAD2CD48EC451C0533D3088F5274540,Constituent Call,Case Closed. Closed date : 2019-10-04 19:40:08.457 Case Resolved Animal control officer Jenner responded to the location at the time of the call and the dog was gone on arrival.   Thank you!  Animal Found
16548,101002788081,2019-01-27 12:21:00,,2019-10-04 15:35:34,ONTIME,Closed,Case Closed. Closed date : 2019-10-04 19:35:34.593 Case Resolved Animal control officer Jenner transported the dog to the shelter at the time of the call.   Thank you! ,Animal Found,Animal Control,Animal Issues,Animal Found,ANML02_LostFound,ANML,,,350 S Huntington Ave  Jamaica Plain  MA  02130,9,02,6,E13,Jamaica Plain,11,Ward 10,1009,350 S Huntington Ave,2130.0,42.32276215076271,-71.11104301607821,0101000020E610000054A02A541BC751C0CBF4284550294540,Constituent Call,Case Closed. Closed date : 2019-10-04 19:35:34.593 Case Resolved Animal control officer Jenner transported the dog to the shelter at the time of the call.   Thank you!  Animal Found
17959,101002789722,2019-01-29 10:36:00,,2019-01-29 11:27:44,ONTIME,Closed,Case Closed. Closed date : 2019-01-29 16:27:44.5 Case Resolved Constituent called back to say that owner came for the dog ,Animal Generic Request,Animal Control,Animal Issues,Animal Generic Request,INFO01_GenericeFormforOtherServiceRequestTypes,INFO,,,52 Newcroft Cir  Mattapan  MA  02126,8,07,4,B3,Greater Mattapan,9,Ward 18,1801,52 Newcroft Cir,2126.0,42.27127956374984,-71.08449070014699,0101000020E6100000A37CAE4B68C551C07A30EB49B9224540,Constituent Call,Case Closed. Closed date : 2019-01-29 16:27:44.5 Case Resolved Constituent called back to say that owner came for the dog  Animal Generic Request
18821,101002790731,2019-01-30 14:25:00,,2019-10-04 16:37:57,ONTIME,Closed,Case Closed. Closed date : 2019-10-04 20:37:57.76 Case Resolved Animal control officer patroled the area for unleashed dogs at the tiem of the call.   Thank you! ,Animal Generic Request,Animal Control,Animal Issues,Animal Generic Request,INFO01_GenericeFormforOtherServiceRequestTypes,INFO,,,INTERSECTION of Adams St & Winthrop St  Charlestown  MA  ,3,1A,1,A15,Charlestown,2,2,0203,INTERSECTION Adams St & Winthrop St,,42.3747802956121,-71.06021545297256,0101000020E6100000C84EEA91DAC351C06A6BFCCCF82F4540,Constituent Call,Case Closed. Closed date : 2019-10-04 20:37:57.76 Case Resolved Animal control officer patroled the area for unleashed dogs at the tiem of the call.   Thank you!  Animal Generic Request
18861,101002790788,2019-01-30 16:31:00,,2019-10-04 16:34:47,ONTIME,Closed,Case Closed. Closed date : 2019-10-04 20:34:47.887 Case Resolved Animal control officer Egan returned the dog to its owner at the time of the call.   Thank you!  ,Animal Found,Animal Control,Animal Issues,Animal Found,ANML02_LostFound,ANML,,,19 Cowing St  West Roxbury  MA  02132,12,06,6,E5,West Roxbury,12,Ward 20,2010,19 Cowing St,2132.0,42.27250965024282,-71.14584083645858,0101000020E6100000B2C0CD7455C951C094D1A198E1224540,Constituent Call,Case Closed. Closed date : 2019-10-04 20:34:47.887 Case Resolved Animal control officer Egan returned the dog to its owner at the time of the call.   Thank you!   Animal Found
19240,101002791253,2019-01-31 12:53:00,,2019-10-07 11:10:05,ONTIME,Closed,Case Closed. Closed date : 2019-10-07 15:10:05.963 Case Resolved Animal control officer Munroe responded to the location at the time of the call and was unable to make contact with the dogs.   Thank you! ,Animal Generic Request,Animal Control,Animal Issues,Animal Generic Request,INFO01_GenericeFormforOtherServiceRequestTypes,INFO,,,INTERSECTION of Norton St & Speedwell St  Dorchester  MA  ,7,03,3,C11,Dorchester,8,15,1507,INTERSECTION Norton St & Speedwell St,,42.30428124546798,-71.06677367126588,0101000020E61000008894130546C451C01B0917B0F2264540,Constituent Call,Case Closed. Closed date : 2019-10-07 15:10:05.963 Case Resolved Animal control officer Munroe responded to the location at the time of the call and was unable to make contact with the dogs.   Thank you!  Animal Generic Request
22056,101002794534,2019-02-05 19:40:00,,2019-10-08 15:49:20,ONTIME,Closed,Case Closed. Closed date : 2019-10-08 19:49:20.293 Case Resolved Animal control officer Munroe transported the dog to the shelter at the time of the call.   Thank you! ,Animal Found,Animal Control,Animal Issues,Animal Found,ANML02_LostFound,ANML,,,716 Columbus Ave  Mission Hill  MA  02120,9,10B,7,D4,Roxbury,13,Ward 9,0904,716 Columbus Ave,2120.0,42.337709557207,-71.0851405533989,0101000020E6100000581A5DF172C551C017E017113A2B4540,Constituent Call,Case Closed. Closed date : 2019-10-08 19:49:20.293 Case Resolved Animal control officer Munroe transported the dog to the shelter at the time of the call.   Thank you!  Animal Found
22184,101002794674,2019-02-06 03:39:00,,2019-10-08 13:39:52,ONTIME,Closed,Case Closed. Closed date : 2019-10-08 17:39:52.7 Case Resolved Animal control officer patroled the area for unleashed dogs at the time of the call.   Thank you! ,Animal Generic Request,Animal Control,Animal Issues,Animal Generic Request,INFO01_GenericeFormforOtherServiceRequestTypes,INFO,,,300 Gardner St  West Roxbury  MA  02132,12,06,6,E5,West Roxbury,12,20,2017,300 Gardner St,2132.0,42.282168034186526,-71.1810299690684,0101000020E6100000A92FB9FE95CB51C0646707151E244540,Constituent Call,Case Closed. Closed date : 2019-10-08 17:39:52.7 Case Resolved Animal control officer patroled the area for unleashed dogs at the time of the call.   Thank you!  Animal Generic Request
22867,101002795456,2019-02-07 02:17:00,,2019-10-09 16:20:11,ONTIME,Closed,Case Closed. Closed date : 2019-10-09 20:20:11.273 Case Resolved Animal control officer patroled the area for unleashed dogs at the time of the call.   Thank you!  ,Animal Generic Request,Animal Control,Animal Issues,Animal Generic Request,INFO01_GenericeFormforOtherServiceRequestTypes,INFO,,,139 Tremont St  Boston  MA  02108,3,1C,8,A1,Boston,14,05,0503,139 Tremont St,2108.0,42.3554263570397,-71.06382714908753,0101000020E6100000627B77BE15C451C09BCF619C7E2D4540,Constituent Call,Case Closed. Closed date : 2019-10-09 20:20:11.273 Case Resolved Animal control officer patroled the area for unleashed dogs at the time of the call.   Thank you!   Animal Generic Request
23603,101002796294,2019-02-08 02:10:00,,2019-10-09 14:36:43,ONTIME,Closed,Case Closed. Closed date : 2019-10-09 18:36:43.28 Case Resolved Animal control officer Fabiano responded to the location at the time of the call  the dog was gone on arrival.   Thank you! ,Animal Generic Request,Animal Control,Animal Issues,Animal Generic Request,INFO01_GenericeFormforOtherServiceRequestTypes,INFO,,,85 Williams Ave  Hyde Park  MA  02136,12,08,5,E18,Hyde Park,10,18,1817,85 Williams Ave,2136.0,42.24815062271021,-71.1171318234934,0101000020E610000066CE79167FC751C0DE824C66C31F4540,Constituent Call,Case Closed. Closed date : 2019-10-09 18:36:43.28 Case Resolved Animal control officer Fabiano responded to the location at the time of the call  the dog was gone on arrival.   Thank you!  Animal Generic Request
23637,101002796332,2019-02-08 02:56:00,,2019-10-09 14:29:05,ONTIME,Closed,Case Closed. Closed date : 2019-10-09 18:29:05.003 Case Resolved Animal control officer Fabiano transported the dog to the shelter at the time of the call.   Thank you! ,Animal Generic Request,Animal Control,Animal Issues,Animal Generic Request,INFO01_GenericeFormforOtherServiceRequestTypes,INFO,,,37 Lawrence Ave  Dorchester  MA  02121,7,03,4,B2,Roxbury,13,Ward 14,1401,37 Lawrence Ave,2121.0,42.312459550331816,-71.07815059384895,0101000020E6100000A12F596B00C551C0BFFFAEACFE274540,Constituent Call,Case Closed. Closed date : 2019-10-09 18:29:05.003 Case Resolved Animal control officer Fabiano transported the dog to the shelter at the time of the call.   Thank you!  Animal Generic Request
24155,101002796914,2019-02-08 13:27:00,,2019-10-09 14:27:16,ONTIME,Closed,Case Closed. Closed date : 2019-10-09 18:27:16.243 Case Resolved The dog was returned to its owner at the time of the call.   Thank you! ,Animal Generic Request,Animal Control,Animal Issues,Animal Generic Request,INFO01_GenericeFormforOtherServiceRequestTypes,INFO,,,563 South St  Roslindale  MA  02131,9,02,5,E5,Roslindale,10,Ward 20,2002,563 South St,2131.0,42.29333961431292,-71.12298073750095,0101000020E6100000B16699EADEC751C0310C09278C254540,Constituent Call,Case Closed. Closed date : 2019-10-09 18:27:16.243 Case Resolved The dog was returned to its owner at the time of the call.   Thank you!  Animal Generic Request
24365,101002797184,2019-02-09 08:02:00,,2019-10-09 14:23:54,ONTIME,Closed,Case Closed. Closed date : 2019-10-09 18:23:54.937 Case Resolved Animal control officer Fabiano responded to the location at the time of the call  the dog was gone on arrival.   Thank you!  ,Animal Generic Request,Animal Control,Animal Issues,Animal Generic Request,INFO01_GenericeFormforOtherServiceRequestTypes,INFO,,,INTERSECTION of Aspinwall Rd & Whitfield St  Dorchester  MA  ,8,07,4,B3,Dorchester,9,17,1703,INTERSECTION Aspinwall Rd & Whitfield St,,42.29136471881281,-71.07435112013486,0101000020E61000009D59332BC2C451C02F4169704B254540,Constituent Call,Case Closed. Closed date : 2019-10-09 18:23:54.937 Case Resolved Animal control officer Fabiano responded to the location at the time of the call  the dog was gone on arrival.   Thank you!   Animal Generic Request
24390,101002797214,2019-02-09 09:14:00,,2019-02-09 09:26:05,ONTIME,Closed,Case Closed. Closed date : 2019-02-09 14:26:05.52 Case Noted Constituent reported that the owner claimed dog. ,Animal Found,Animal Control,Animal Issues,Animal Found,ANML02_LostFound,ANML,,,4404 Washington St  Roslindale  MA  02131,12,06,5,E5,Roslindale,10,Ward 18,1810,4404 Washington St,2131.0,42.28139963097278,-71.1333007877798,0101000020E6100000E602070088C851C0391132E704244540,Constituent Call,Case Closed. Closed date : 2019-02-09 14:26:05.52 Case Noted Constituent reported that the owner claimed dog.  Animal Found
24740,101002797621,2019-02-10 12:43:00,,2019-10-09 11:25:32,ONTIME,Closed,Case Closed. Closed date : 2019-10-09 15:25:32.43 Case Resolved Animal control officer transported the dog to the shelter at the time of the call.   Thank you! ,Animal Generic Request,Animal Control,Animal Issues,Animal Generic Request,INFO01_GenericeFormforOtherServiceRequestTypes,INFO,,,69 Burrell St  Roxbury  MA  02119,7,03,7,B2,Roxbury,13,Ward 8,0806,69 Burrell St,2119.0,42.32318953738262,-71.069350550021,0101000020E610000030134A3D70C451C0DEBB56465E294540,Constituent Call,Case Closed. Closed date : 2019-10-09 15:25:32.43 Case Resolved Animal control officer transported the dog to the shelter at the time of the call.   Thank you!  Animal Generic Request
24770,101002797653,2019-02-10 14:42:00,,2019-10-08 15:52:40,ONTIME,Closed,Case Closed. Closed date : 2019-10-08 19:52:40.503 Case Resolved Animal control officer Jenner transported the the dog to the shelter at the time of the call.   Thank you! ,Animal Generic Request,Animal Control,Animal Issues,Animal Generic Request,INFO01_GenericeFormforOtherServiceRequestTypes,INFO,,,545 Freeport St  Dorchester  MA  02122,8,07,3,C11,Dorchester,7,Ward 16,1607,545 Freeport St,2122.0,42.29252106186828,-71.04873044651262,0101000020E6100000D6854E661EC351C0C70E855471254540,Constituent Call,Case Closed. Closed date : 2019-10-08 19:52:40.503 Case Resolved Animal control officer Jenner transported the the dog to the shelter at the time of the call.   Thank you!  Animal Generic Request
24771,101002797655,2019-02-10 14:45:00,,2019-10-08 15:50:32,ONTIME,Closed,Case Closed. Closed date : 2019-10-08 19:50:32.33 Case Resolved Animal control officer Jenner transported the dog to the shelter at the time of the call.   Thank you!  ,Animal Generic Request,Animal Control,Animal Issues,Animal Generic Request,INFO01_GenericeFormforOtherServiceRequestTypes,INFO,,,545 Freeport St  Dorchester  MA  02122,8,07,3,C11,Dorchester,7,Ward 16,1607,545 Freeport St,2122.0,42.29252106186828,-71.04873044651262,0101000020E6100000D6854E661EC351C0C70E855471254540,Constituent Call,Case Closed. Closed date : 2019-10-08 19:50:32.33 Case Resolved Animal control officer Jenner transported the dog to the shelter at the time of the call.   Thank you!   Animal Generic Request
25445,101002798430,2019-02-11 17:01:00,,2019-10-08 15:56:41,ONTIME,Closed,Case Closed. Closed date : 2019-10-08 19:56:41.363 Case Resolved Animal control officer Egan transported the dog to the shelter at the time of the call.   Thank you! ,Animal Found,Animal Control,Animal Issues,Animal Found,ANML02_LostFound,ANML,,,688 Canterbury St  Roslindale  MA  02131,12,02,5,E18,Roslindale,10,Ward 18,1807,688 Canterbury St,2131.0,42.28518959710744,-71.10953072596268,0101000020E6100000AE7A298D02C751C0315EBC1781244540,Constituent Call,Case Closed. Closed date : 2019-10-08 19:56:41.363 Case Resolved Animal control officer Egan transported the dog to the shelter at the time of the call.   Thank you!  Animal Found
25491,101002798484,2019-02-12 02:21:00,,2019-10-08 15:54:30,ONTIME,Closed,Case Closed. Closed date : 2019-10-08 19:54:30.79 Case Resolved The dog was returned to its owner at the time of the call.   Thank you! ,Animal Generic Request,Animal Control,Animal Issues,Animal Generic Request,INFO01_GenericeFormforOtherServiceRequestTypes,INFO,,,119 Savin Hill Ave  Dorchester  MA  02125,7,03,3,C11,Dorchester,7,Ward 13,1310,119 Savin Hill Ave,2125.0,42.31130951707284,-71.05346054092355,0101000020E610000029B9C2E56BC351C0766181FDD8274540,Constituent Call,Case Closed. Closed date : 2019-10-08 19:54:30.79 Case Resolved The dog was returned to its owner at the time of the call.   Thank you!  Animal Generic Request
26189,101002799347,2019-02-13 03:11:00,2019-02-14 03:30:00,2019-02-13 03:25:11,ONTIME,Closed,Case Closed. Closed date : 2019-02-13 08:25:11.17 Case Resolved Deceased dog all set ,Pick up Dead Animal,Public Works Department,Street Cleaning,Pick up Dead Animal,PWDx_District 10A: Roxbury,PWDx,,,38 Horadan Way  Mission Hill  MA  02120,9,10A,8,B2,Mission Hill,13,10,1001,38 Horadan Way,2120.0,42.33401789101208,-71.09865232086601,0101000020E6100000D1F2D25150C651C07F162719C12A4540,Constituent Call,Case Closed. Closed date : 2019-02-13 08:25:11.17 Case Resolved Deceased dog all set  Pick up Dead Animal
28555,101002802156,2019-02-16 11:34:00,,2019-02-16 12:46:05,ONTIME,Closed,Case Closed. Closed date : 2019-02-16 17:46:05.5 Case Resolved Caller reporting dog was found ,Animal Lost,Animal Control,Animal Issues,Animal Lost,ANML02_LostFound,ANML,,,36 Appleton St  Boston  MA  02116,4,1C,2,D4,South End,6,Ward 5,0501,36 Appleton St,2116.0,42.345789538723885,-71.07171050499768,0101000020E6100000A96FA8E796C451C01B0FE4D4422C4540,Constituent Call,Case Closed. Closed date : 2019-02-16 17:46:05.5 Case Resolved Caller reporting dog was found  Animal Lost
28961,101002802666,2019-02-18 04:16:00,,2019-10-10 12:04:02,ONTIME,Closed,Case Closed. Closed date : 2019-10-10 16:04:02.59 Case Resolved Animal control officer patroled the area for unleashed dogs at the time of the call.   Thank you!  ,Animal Generic Request,Animal Control,Animal Issues,Animal Generic Request,INFO01_GenericeFormforOtherServiceRequestTypes,INFO,,,1535 Washington St  Roxbury  MA  02118,4,1C,2,D4,Roxbury,6,09,0901,1535 Washington St,2118.0,42.33951586055122,-71.07338803875005,0101000020E61000005796BE63B2C451C038C57641752B4540,Constituent Call,Case Closed. Closed date : 2019-10-10 16:04:02.59 Case Resolved Animal control officer patroled the area for unleashed dogs at the time of the call.   Thank you!   Animal Generic Request
29854,101002803737,2019-02-19 12:38:00,,2019-10-10 12:55:03,ONTIME,Closed,Case Closed. Closed date : 2019-10-10 16:55:03.04 Case Resolved Animal control officer Jenner transported the dog to the shelter at the time of the call.   Thank you!  ,Animal Found,Animal Control,Animal Issues,Animal Found,ANML02_LostFound,ANML,,,61 Southern Ave  Dorchester  MA  02124,8,07,4,B3,Dorchester,9,Ward 17,1705,61 Southern Ave,2124.0,42.290469548206616,-71.07477063544677,0101000020E61000007B7CC60AC9C451C002042D1B2E254540,Constituent Call,Case Closed. Closed date : 2019-10-10 16:55:03.04 Case Resolved Animal control officer Jenner transported the dog to the shelter at the time of the call.   Thank you!   Animal Found
29940,101002803835,2019-02-19 15:14:00,,2019-10-10 12:48:17,ONTIME,Closed,Case Closed. Closed date : 2019-10-10 16:48:17.013 Case Resolved The caller transported the dog to Angell.   Thank you! ,Animal Found,Animal Control,Animal Issues,Animal Found,ANML02_LostFound,ANML,,,238 Hyde Park Ave  Jamaica Plain  MA  02130,12,02,6,E13,Jamaica Plain,10,Ward 19,1907,238 Hyde Park Ave,2130.0,42.29359960665075,-71.11726072385247,0101000020E61000004E831F3381C751C07B5702AC94254540,Constituent Call,Case Closed. Closed date : 2019-10-10 16:48:17.013 Case Resolved The caller transported the dog to Angell.   Thank you!  Animal Found
32813,101002827167,2019-02-24 08:44:13,2019-02-26 03:30:00,2019-02-24 12:58:52,ONTIME,Closed,Case Closed. Closed date : 2019-02-24 17:58:52.223 Case Resolved PICKED up dog paw ,Pick up Dead Animal,Public Works Department,Street Cleaning,Pick up Dead Animal,PWDx_District 07: South Dorchester,PWDx,,,INTERSECTION of Lonsdale St & Adams St  Dorchester  MA  ,8,07,3,C11,Dorchester,7,16,1607,INTERSECTION Lonsdale St & Adams St,,42.29141983296594,-71.05721200512424,0101000020E61000009FBC8A5CA9C351C04CFFBD3E4D254540,Citizens Connect App,Case Closed. Closed date : 2019-02-24 17:58:52.223 Case Resolved PICKED up dog paw  Pick up Dead Animal
33771,101002828319,2019-02-25 12:15:00,,2019-11-12 07:47:18,ONTIME,Closed,Case Closed. Closed date : 2019-11-12 12:47:18.81 Officer transported Dog to the shelter on 2/25/19 ,Animal Generic Request,Animal Control,Animal Issues,Animal Generic Request,INFO01_GenericeFormforOtherServiceRequestTypes,INFO,,,350 S Huntington Ave  Jamaica Plain  MA  02130,9,02,6,E13,Jamaica Plain,11,Ward 10,1009,350 S Huntington Ave,2130.0,42.32276215076271,-71.11104301607821,0101000020E610000054A02A541BC751C0CBF4284550294540,Constituent Call,Case Closed. Closed date : 2019-11-12 12:47:18.81 Officer transported Dog to the shelter on 2/25/19  Animal Generic Request
45834,101002842829,2019-03-12 13:36:00,2019-03-14 04:30:00,2019-03-12 14:57:50,ONTIME,Closed,Case Closed. Closed date : 2019-03-12 18:57:50.93 Case Resolved Picked up Dead dog in box ,Pick up Dead Animal,Public Works Department,Street Cleaning,Pick up Dead Animal,PWDx_District 03: North Dorchester,PWDx,,,20 Wales St  Dorchester  MA  02121,7,03,4,B3,Greater Mattapan,8,Ward 14,1407,20 Wales St,2121.0,42.29789956202346,-71.08509064177326,0101000020E610000028E7042072C551C01631A69221264540,Constituent Call,Case Closed. Closed date : 2019-03-12 18:57:50.93 Case Resolved Picked up Dead dog in box  Pick up Dead Animal
45848,101002842846,2019-03-12 13:56:00,2019-03-14 04:30:00,2019-03-12 14:57:00,ONTIME,Closed,Case Closed. Closed date : 2019-03-12 18:57:00.243 Case Resolved Picked up Dead dog in box ,Pick up Dead Animal,Public Works Department,Street Cleaning,Pick up Dead Animal,PWDx_District 03: North Dorchester,PWDx,,,20 Wales St  Dorchester  MA  02121,7,03,4,B3,Greater Mattapan,8,Ward 14,1407,20 Wales St,2121.0,42.29789956202346,-71.08509064177326,0101000020E610000028E7042072C551C01631A69221264540,Constituent Call,Case Closed. Closed date : 2019-03-12 18:57:00.243 Case Resolved Picked up Dead dog in box  Pick up Dead Animal
49292,101002846753,2019-03-16 13:22:00,,2019-03-16 13:23:13,ONTIME,Closed,Case Closed. Closed date : 2019-03-16 17:23:13.963 Case Resolved dog returned during call ,Animal Lost,Animal Control,Animal Issues,Animal Lost,ANML02_LostFound,ANML,,,6 Wilna Ct  West Roxbury  MA  02132,12,06,6,E5,West Roxbury,12,Ward 20,2018,6 Wilna Ct,2132.0,42.28834965758414,-71.15337081784982,0101000020E6100000D9B4D5D3D0C951C07F913EA4E8244540,Constituent Call,Case Closed. Closed date : 2019-03-16 17:23:13.963 Case Resolved dog returned during call  Animal Lost
49324,101002846793,2019-03-16 14:12:00,,2019-03-16 16:28:16,ONTIME,Closed,Case Closed. Closed date : 2019-03-16 20:28:16.16 Case Resolved caller reports dog located ,Animal Lost,Animal Control,Animal Issues,Animal Lost,ANML02_LostFound,ANML,,,150 Webster St  East Boston  MA  02128,1,09,1,A7,East Boston,1,Ward 1,0101,150 Webster St,2128.0,42.366197490157695,-71.0354113782065,0101000020E610000068D3152E44C251C0630D328FDF2E4540,Constituent Call,Case Closed. Closed date : 2019-03-16 20:28:16.16 Case Resolved caller reports dog located  Animal Lost
49397,101002846876,2019-03-16 17:55:00,,2019-03-16 18:06:27,ONTIME,Closed,Case Closed. Closed date : 2019-03-16 22:06:27.203 Case Resolved Constituent called back to confirm she found the dog. Requesting to close case.  ,Animal Lost,Animal Control,Animal Issues,Animal Lost,ANML02_LostFound,ANML,,,67 Willow St  West Roxbury  MA  02132,12,06,6,E5,West Roxbury,12,Ward 20,2018,67 Willow St,2132.0,42.28856965647357,-71.1526408153061,0101000020E61000009171FBDDC4C951C00296BAD9EF244540,Constituent Call,Case Closed. Closed date : 2019-03-16 22:06:27.203 Case Resolved Constituent called back to confirm she found the dog. Requesting to close case.   Animal Lost
60969,101002870505,2019-04-01 06:55:00,,2019-04-01 07:02:33,ONTIME,Closed,Case Closed. Closed date : 2019-04-01 11:02:33.847 Case Resolved Dog returned to owner ,Animal Generic Request,Animal Control,Animal Issues,Animal Generic Request,INFO01_GenericeFormforOtherServiceRequestTypes,INFO,,,54 Orchard St  Jamaica Plain  MA  02130,9,02,6,E13,Jamaica Plain,11,Ward 19,1909,54 Orchard St,2130.0,42.31111960843572,-71.12055069257926,0101000020E6100000D688401AB7C751C018B06FC4D2274540,Constituent Call,Case Closed. Closed date : 2019-04-01 11:02:33.847 Case Resolved Dog returned to owner  Animal Generic Request
68623,101002879574,2019-04-11 15:35:50,,2019-04-11 15:39:35,ONTIME,Closed,Case Closed. Closed date : 2019-04-11 19:39:35.337 Constituent found dogs while on phone.  ,Animal Lost,Animal Control,Animal Issues,Animal Lost,ANML02_LostFound,ANML,,,1 Jewish War Veterans Dr  Jamaica Plain  MA  02121,9,02,7,B2,Jamaica Plain,13,12,1207,1 Jewish War Veterans Dr,2121.0,42.30095275251102,-71.08844928292237,0101000020E610000066602E27A9C551C088D6AA9E85264540,Constituent Call,Case Closed. Closed date : 2019-04-11 19:39:35.337 Constituent found dogs while on phone.   Animal Lost
74208,101002886088,2019-04-20 13:40:00,,2019-04-20 13:52:28,ONTIME,Closed,Case Closed. Closed date : 2019-04-20 17:52:28.163 Case Resolved A pedestrian found the dog. Contacted the owner and provided information.  ,Animal Lost,Animal Control,Animal Issues,Animal Lost,ANML02_LostFound,ANML,,,11-13 Parley Ave  Jamaica Plain  MA  02130,9,02,6,E13,Jamaica Plain,11,Ward 19,1905,11-13 Parley Ave,2130.0,42.31490959856868,-71.11354066802596,0101000020E610000000FC134044C751C044862DF54E284540,Constituent Call,Case Closed. Closed date : 2019-04-20 17:52:28.163 Case Resolved A pedestrian found the dog. Contacted the owner and provided information.   Animal Lost
76891,101002889260,2019-04-24 12:51:13,,2019-04-24 12:57:05,ONTIME,Closed,Case Closed. Closed date : 2019-04-24 16:57:05.547 Case Resolved Constituent called back and said to cancel the case. They found the owner of the dog. ,Animal Generic Request,Animal Control,Animal Issues,Animal Generic Request,INFO01_GenericeFormforOtherServiceRequestTypes,INFO,,,INTERSECTION of Congress St & Milk St  Boston  MA  ,3,1C,2,A1,Downtown / Financial District,3,3,0306,INTERSECTION Congress St & Milk St,,42.35680743554599,-71.05630892118742,0101000020E610000046BEBB909AC351C0E051B5DDAB2D4540,Constituent Call,Case Closed. Closed date : 2019-04-24 16:57:05.547 Case Resolved Constituent called back and said to cancel the case. They found the owner of the dog.  Animal Generic Request
78456,101002891134,2019-04-26 14:00:00,,2019-04-26 14:58:37,ONTIME,Closed,Case Closed. Closed date : 2019-04-26 18:58:37.06 Case Resolved Constituent found the dog ,Animal Lost,Animal Control,Animal Issues,Animal Lost,ANML02_LostFound,ANML,,,67-69 Willow St  West Roxbury  MA  02132,12,06,6,E5,West Roxbury,12,Ward 20,2018,67-69 Willow St,2132.0,42.28857265690692,-71.152637815182,0101000020E6100000BC1566D1C4C951C0B0F7E5F2EF244540,Constituent Call,Case Closed. Closed date : 2019-04-26 18:58:37.06 Case Resolved Constituent found the dog  Animal Lost
78552,101002891249,2019-04-27 02:43:40,,2019-04-27 02:45:46,ONTIME,Closed,Case Closed. Closed date : 2019-04-27 06:45:46.007 Case Resolved Constituent reporting dog returned home before case was finished being created. ,Animal Lost,Animal Control,Animal Issues,Animal Lost,ANML02_LostFound,ANML,,,24 Ashfield St  Roslindale  MA  02131,9,06,5,E5,Roslindale,10,Ward 20,2004,24 Ashfield St,2131.0,42.29023962612384,-71.13106076280931,0101000020E61000008283AE4C63C851C0431A739226254540,Constituent Call,Case Closed. Closed date : 2019-04-27 06:45:46.007 Case Resolved Constituent reporting dog returned home before case was finished being created.  Animal Lost
82451,101002895935,2019-05-02 12:22:00,2019-05-03 12:22:29,2019-05-02 12:58:07,ONTIME,Closed,Case Closed. Closed date : 2019-05-02 16:58:07.94 Case Resolved Dead dog not found at location animal has been removed ,Pick up Dead Animal,Public Works Department,Street Cleaning,Pick up Dead Animal,PWDx_District 03: North Dorchester,PWDx,,,1061 Dorchester Ave  Dorchester  MA  02125,7,03,3,C11,Dorchester,7,Ward 13,1309,1061 Dorchester Ave,2125.0,42.31437952201355,-71.05714054234396,0101000020E61000002729CE30A8C351C048CA92963D284540,Constituent Call,Case Closed. Closed date : 2019-05-02 16:58:07.94 Case Resolved Dead dog not found at location animal has been removed  Pick up Dead Animal
82458,101002895943,2019-05-02 12:29:37,2019-05-03 12:29:37,2019-05-02 12:59:04,ONTIME,Closed,Case Closed. Closed date : 2019-05-02 16:59:04.087 Case Resolved Dead dog not found at location animal has been removed  ,Pick up Dead Animal,Public Works Department,Street Cleaning,Pick up Dead Animal,PWDx_District 03: North Dorchester,PWDx,,,1068-1074 Dorchester Ave  Dorchester  MA  02125,7,03,3,C11,Dorchester,7,Ward 13,1309,1068-1074 Dorchester Ave,2125.0,42.31424952175643,-71.05672054211306,0101000020E6100000C458324FA1C351C01F5D0D5439284540,Citizens Connect App,Case Closed. Closed date : 2019-05-02 16:59:04.087 Case Resolved Dead dog not found at location animal has been removed   Pick up Dead Animal
82481,101002895968,2019-05-02 13:01:00,2019-05-06 04:30:00,2019-05-02 13:20:09,ONTIME,Closed,Case Closed. Closed date : 2019-05-02 17:20:09.823 Case Resolved No dead dog at location need a better location could constituent please make another case with a picture and accurate  location and we'll take care of it. Thank you ,Pick up Dead Animal,Public Works Department,Street Cleaning,Pick up Dead Animal,PWDx_District 03: North Dorchester,PWDx,,,INTERSECTION of Hallam St & Dorchester Ave  Dorchester  MA  ,7,03,3,C11,Dorchester,7,13,1309,INTERSECTION Hallam St & Dorchester Ave,,42.31443571025642,-71.05687845017121,0101000020E610000048D582E5A3C351C0781FEA6D3F284540,Constituent Call,Case Closed. Closed date : 2019-05-02 17:20:09.823 Case Resolved No dead dog at location need a better location could constituent please make another case with a picture and accurate  location and we'll take care of it. Thank you  Pick up Dead Animal
85672,101002899853,2019-05-07 09:06:00,2019-05-08 09:06:18,2019-05-07 09:33:06,ONTIME,Closed,Case Closed. Closed date : 2019-05-07 13:33:06.59 Case Resolved Dead dog picked up  ,Pick up Dead Animal,Public Works Department,Street Cleaning,Pick up Dead Animal,PWDx_District 07: South Dorchester,PWDx,,,245 Talbot Ave  Dorchester  MA  02124,8,07,4,B3,Dorchester,9,17,1705,245 Talbot Ave,2124.0,42.29130403485922,-71.07657059423046,0101000020E610000087835988E6C451C0E4745B7349254540,Constituent Call,Case Closed. Closed date : 2019-05-07 13:33:06.59 Case Resolved Dead dog picked up   Pick up Dead Animal
85907,101002900124,2019-05-07 12:20:00,,2019-05-07 12:35:09,ONTIME,Closed,Case Closed. Closed date : 2019-05-07 16:35:09.787 Constituent called back to report dog was back with its owner.  ,Animal Generic Request,Animal Control,Animal Issues,Animal Generic Request,INFO01_GenericeFormforOtherServiceRequestTypes,INFO,,,205 Perham St  West Roxbury  MA  02132,12,06,6,E5,West Roxbury,12,Ward 20,2017,205 Perham St,2132.0,42.28636967886733,-71.16803085484769,0101000020E61000008B927C04C1CA51C08DA6FAC2A7244540,Constituent Call,Case Closed. Closed date : 2019-05-07 16:35:09.787 Constituent called back to report dog was back with its owner.   Animal Generic Request
90387,101002905439,2019-05-14 05:02:00,,2019-05-14 06:01:30,ONTIME,Closed,Case Closed. Closed date : 2019-05-14 10:01:30.93 Case Invalid Constituent called to report that owner picked up dog ,Animal Generic Request,Animal Control,Animal Issues,Animal Generic Request,INFO01_GenericeFormforOtherServiceRequestTypes,INFO,,,INTERSECTION of Abbot St & Harvard St  Dorchester  MA  ,8,03,4,B3,Greater Mattapan,8,14,1407,INTERSECTION Abbot St & Harvard St,,42.295686753912655,-71.08538789466648,0101000020E610000047C4C9FE76C551C027F54410D9254540,Constituent Call,Case Closed. Closed date : 2019-05-14 10:01:30.93 Case Invalid Constituent called to report that owner picked up dog  Animal Generic Request
93449,101002909011,2019-05-18 08:05:00,,2019-05-18 08:43:57,ONTIME,Closed,Case Closed. Closed date : 2019-05-18 12:43:57.573 Case Noted Constituent found owner of the dog. ,Animal Found,Animal Control,Animal Issues,Animal Found,ANML02_LostFound,ANML,,,375 Faneuil St  Brighton  MA  02135,11,04,9,D14,Allston / Brighton,15,Ward 22,2207,375 Faneuil St,2135.0,42.35186966132489,-71.16618070358443,0101000020E6100000C5C763B4A2CA51C029ECA7100A2D4540,Constituent Call,Case Closed. Closed date : 2019-05-18 12:43:57.573 Case Noted Constituent found owner of the dog.  Animal Found
97043,101002913254,2019-05-22 16:17:00,,2019-05-22 16:36:43,ONTIME,Closed,Case Closed. Closed date : 2019-05-22 20:36:43.93 Case Resolved Constituent called back to confirm the owner of the lost dog was found. Contacted ACO on-call  Murnoe  and reported.  ,Animal Found,Animal Control,Animal Issues,Animal Found,ANML02_LostFound,ANML,,,366 Bunker Hill St  Charlestown  MA  02129,3,1A,1,A15,Charlestown,2,Ward 2,0206,366 Bunker Hill St,2129.0,42.381729531550434,-71.06856041798753,0101000020E61000009E433C4B63C451C098F66683DC304540,Constituent Call,Case Closed. Closed date : 2019-05-22 20:36:43.93 Case Resolved Constituent called back to confirm the owner of the lost dog was found. Contacted ACO on-call  Murnoe  and reported.   Animal Found
102779,101002919994,2019-05-31 03:18:00,2019-06-03 04:30:00,2019-05-31 04:04:11,ONTIME,Closed,Case Closed. Closed date : 2019-05-31 08:04:11.44 Case Resolved Dead dog picked up  ,Pick up Dead Animal,Public Works Department,Street Cleaning,Pick up Dead Animal,PWDx_District 07: South Dorchester,PWDx,,,41 Huron Cir  Dorchester  MA  02124,8,07,3,C11,Dorchester,7,Ward 16,1611,41 Huron Cir,2124.0,42.28222953213818,-71.06259062668485,0101000020E610000072A91D7C01C451C0DB3FE91820244540,Constituent Call,Case Closed. Closed date : 2019-05-31 08:04:11.44 Case Resolved Dead dog picked up   Pick up Dead Animal
109922,101002928318,2019-06-07 16:00:00,,2019-06-07 16:05:34,ONTIME,Closed,Case Closed. Closed date : 2019-06-07 20:05:34.983 Constituent called back reporting that the dog's owner was found.  ,Animal Found,Animal Control,Animal Issues,Animal Found,ANML02_LostFound,ANML,,,140 Dewitt Dr  Mission Hill  MA  02120,9,10B,7,B2,Mission Hill,13,09,0905,140 Dewitt Dr,2120.0,42.33189594622408,-71.0853477659536,0101000020E6100000ACE3795676C551C08C5AFD907B2A4540,Constituent Call,Case Closed. Closed date : 2019-06-07 20:05:34.983 Constituent called back reporting that the dog's owner was found.   Animal Found
110307,101002928826,2019-06-08 14:29:00,,2019-06-08 14:34:42,ONTIME,Closed,Case Closed. Closed date : 2019-06-08 18:34:42.337 Case Resolved const found dog's owner; ACO Munroe advised ,Animal Found,Animal Control,Animal Issues,Animal Found,ANML02_LostFound,ANML,,,144 N Beacon St  Brighton  MA  02135,11,04,9,D14,Allston / Brighton,15,Ward 22,2206,144 N Beacon St,2135.0,42.35453963417464,-71.14576065171367,0101000020E6100000D9097C2454C951C03CF5028E612D4540,Constituent Call,Case Closed. Closed date : 2019-06-08 18:34:42.337 Case Resolved const found dog's owner; ACO Munroe advised  Animal Found
114655,101002934040,2019-06-14 05:03:00,,2019-06-14 05:16:53,ONTIME,Closed,Case Closed. Closed date : 2019-06-14 09:16:53.537 Case Noted Constituent found the owner of the dog. ,Animal Found,Animal Control,Animal Issues,Animal Found,ANML02_LostFound,ANML,,,438 E Fifth St  South Boston  MA  02127,6,05,2,C6,South Boston / South Boston Waterfront,5,Ward 7,0703,438 E Fifth St,2127.0,42.33397950014943,-71.04206046475369,0101000020E61000009624601EB1C251C08E561BD7BF2A4540,Constituent Call,Case Closed. Closed date : 2019-06-14 09:16:53.537 Case Noted Constituent found the owner of the dog.  Animal Found
117654,101002937631,2019-06-18 07:34:00,2019-06-19 07:34:46,2019-06-18 08:05:00,ONTIME,Closed,Case Closed. Closed date : 2019-06-18 12:05:00.643 Case Resolved Dead dog picked up ,Pick up Dead Animal,Public Works Department,Street Cleaning,Pick up Dead Animal,PWDx_District 07: South Dorchester,PWDx,,,92 Itasca St  Mattapan  MA  02126,8,07,5,B3,Greater Mattapan,9,Ward 18,1803,92 Itasca St,2126.0,42.276409583901625,-71.0992607220752,0101000020E6100000C8C5A4495AC651C04894A56361234540,Constituent Call,Case Closed. Closed date : 2019-06-18 12:05:00.643 Case Resolved Dead dog picked up  Pick up Dead Animal
119094,101002939357,2019-06-19 17:01:00,2019-06-21 04:30:00,2019-06-19 17:50:57,ONTIME,Closed,Case Closed. Closed date : 2019-06-19 21:50:57.81 Case Noted No dogs found ,Pick up Dead Animal,Public Works Department,Street Cleaning,Pick up Dead Animal,PWDx_District 03: North Dorchester,PWDx,,,INTERSECTION of Marshfield St & Norfolk Ave  Roxbury  MA  ,7,03,3,B2,Roxbury,13,8,0806,INTERSECTION Marshfield St & Norfolk Ave,,42.32347619862158,-71.06768379284927,0101000020E6100000703067EE54C451C09A0E07AB67294540,Constituent Call,Case Closed. Closed date : 2019-06-19 21:50:57.81 Case Noted No dogs found  Pick up Dead Animal
119779,101002940178,2019-06-20 14:19:00,,2019-06-20 14:34:15,ONTIME,Closed,Case Closed. Closed date : 2019-06-20 18:34:15.72 Case Resolved Owner found the dog ,Animal Generic Request,Animal Control,Animal Issues,Animal Generic Request,INFO01_GenericeFormforOtherServiceRequestTypes,INFO,,,84 Copeland St  Roxbury  MA  02119,7,10B,7,B2,Roxbury,13,Ward 12,1201,84 Copeland St,2119.0,42.32369955054798,-71.07913057106177,0101000020E6100000BEB4AB7910C551C0AFAAA3FC6E294540,Constituent Call,Case Closed. Closed date : 2019-06-20 18:34:15.72 Case Resolved Owner found the dog  Animal Generic Request
121363,101002942117,2019-06-23 08:28:00,,2019-06-23 08:44:38,ONTIME,Closed,Case Closed. Closed date : 2019-06-23 12:44:38.26 Case Resolved BPD called and said they found the owner of the dog. Told Fabiano as well ,Animal Generic Request,Animal Control,Animal Issues,Animal Generic Request,INFO01_GenericeFormforOtherServiceRequestTypes,INFO,,,252 Newbury St  Boston  MA  02116,4,1C,8,D4,Back Bay,14,Ward 5,0508,252 Newbury St,2116.0,42.34932955229872,-71.08266052174815,0101000020E610000008655B4F4AC551C01D53ADD4B62C4540,Constituent Call,Case Closed. Closed date : 2019-06-23 12:44:38.26 Case Resolved BPD called and said they found the owner of the dog. Told Fabiano as well  Animal Generic Request
122526,101002943489,2019-06-24 16:00:00,,2019-06-24 16:14:20,ONTIME,Closed,Case Closed. Closed date : 2019-06-24 20:14:20.11 Case Resolved Constituent called back to confirm the owner of the dog found the dog. Contacted ACO on-call and updated Jenner at 8:14pm. ,Animal Found,Animal Control,Animal Issues,Animal Found,ANML02_LostFound,ANML,,,58 Westminster St  Hyde Park  MA  02136,12,08,5,E18,Hyde Park,10,Ward 18,1814,58 Westminster St,2136.0,42.26419961411328,-71.11928079476937,0101000020E6100000D224EA4BA2C751C0BE1DFF4AD1214540,Constituent Call,Case Closed. Closed date : 2019-06-24 20:14:20.11 Case Resolved Constituent called back to confirm the owner of the dog found the dog. Contacted ACO on-call and updated Jenner at 8:14pm.  Animal Found
126696,101002948484,2019-06-29 17:09:00,,2019-07-01 12:36:52,ONTIME,Closed,Case Closed. Closed date : 2019-07-01 16:36:52.77 Constituent called back  reports dog is back home. ,Animal Lost,Animal Control,Animal Issues,Animal Lost,ANML02_LostFound,ANML,,,15 Roanoke Ave  Jamaica Plain  MA  02130,9,02,6,E13,Jamaica Plain,11,Ward 19,1906,15 Roanoke Ave,2130.0,42.31052959632007,-71.11174067354717,0101000020E610000029A15AC226C751C041510E6FBF274540,Constituent Call,Case Closed. Closed date : 2019-07-01 16:36:52.77 Constituent called back  reports dog is back home.  Animal Lost
126878,101002948702,2019-06-30 08:19:00,,2019-06-30 08:27:52,ONTIME,Closed,Case Closed. Closed date : 2019-06-30 12:27:52.003 Case Resolved owner was reached  will come for dog ,Animal Found,Animal Control,Animal Issues,Animal Found,ANML02_LostFound,ANML,,,70 Chesterfield St  Hyde Park  MA  02136,12,08,5,E18,Hyde Park,10,Ward 18,1820,70 Chesterfield St,2136.0,42.24161968397355,-71.13750087454993,0101000020E610000041D777D0CCC851C03E5ED064ED1E4540,Constituent Call,Case Closed. Closed date : 2019-06-30 12:27:52.003 Case Resolved owner was reached  will come for dog  Animal Found
128953,101002951161,2019-07-02 13:45:00,,2019-07-02 14:12:19,ONTIME,Closed,Case Closed. Closed date : 2019-07-02 18:12:19.893 Case Resolved dog found ,Animal Lost,Animal Control,Animal Issues,Animal Lost,ANML02_LostFound,ANML,,,66 Welles Ave  Dorchester  MA  02124,8,07,4,C11,Dorchester,8,Ward 17,1706,66 Welles Ave,2124.0,42.28895953949494,-71.06831062383468,0101000020E6100000B7D585335FC451C0BEFF4DA0FC244540,Constituent Call,Case Closed. Closed date : 2019-07-02 18:12:19.893 Case Resolved dog found  Animal Lost
130950,101002953624,2019-07-05 20:33:00,2019-07-09 04:30:00,2019-07-05 20:46:36,ONTIME,Closed,Case Closed. Closed date : 2019-07-06 00:46:36.95 Case Resolved Picked up dead dog  ,Pick up Dead Animal,Public Works Department,Street Cleaning,Pick up Dead Animal,PWDx_District 03: North Dorchester,PWDx,,,338 Washington St  Dorchester  MA  02121,7,03,4,C11,Dorchester,8,Ward 14,1404,338 Washington St,2121.0,42.29958954571409,-71.07369061267372,0101000020E61000002CDDD458B7C451C0638842F358264540,Constituent Call,Case Closed. Closed date : 2019-07-06 00:46:36.95 Case Resolved Picked up dead dog   Pick up Dead Animal
136487,101002960251,2019-07-12 14:37:00,,2019-07-12 15:18:42,ONTIME,Closed,Case Closed. Closed date : 2019-07-12 19:18:42.87 Constituent called back stating that the dog's owner was located.  ,Animal Found,Animal Control,Animal Issues,Animal Found,ANML02_LostFound,ANML,,,431 E Sixth St  South Boston  MA  02127,6,05,2,C6,South Boston / South Boston Waterfront,5,Ward 7,0703,431 E Sixth St,2127.0,42.33285950227559,-71.04321046978636,0101000020E6100000F1A4D8F5C3C251C0DF37E2239B2A4540,Constituent Call,Case Closed. Closed date : 2019-07-12 19:18:42.87 Constituent called back stating that the dog's owner was located.   Animal Found
144748,101002970457,2019-07-23 16:34:58,,2019-07-23 16:41:02,ONTIME,Closed,Case Closed. Closed date : 2019-07-23 20:41:02.95 Case Invalid Constituent changed their mind and attempt to find the owner of the found dog.  ,Animal Generic Request,Animal Control,Animal Issues,Animal Generic Request,INFO01_GenericeFormforOtherServiceRequestTypes,INFO,,,57 Havre St  East Boston  MA  02128,1,09,1,A7,East Boston,1,Ward 1,0104,57 Havre St,2128.0,42.371079495714746,-71.03976037700778,0101000020E610000034BB1B6F8BC251C0CF276D887F2F4540,Constituent Call,Case Closed. Closed date : 2019-07-23 20:41:02.95 Case Invalid Constituent changed their mind and attempt to find the owner of the found dog.   Animal Generic Request
145655,101002971644,2019-07-24 15:03:47,,2019-07-24 15:04:58,ONTIME,Closed,Case Closed. Closed date : 2019-07-24 19:04:58.797 Case Invalid caller changed mind; will hang onto dog tonite ,Animal Found,Animal Control,Animal Issues,Animal Found,ANML02_LostFound,ANML,,,60 Waverly St  Brighton  MA  02135,11,04,9,D14,Allston / Brighton,15,Ward 22,2205,60 Waverly St,2135.0,42.36104862780503,-71.1416406278304,0101000020E61000004114DAA310C951C0195868D7362E4540,Constituent Call,Case Closed. Closed date : 2019-07-24 19:04:58.797 Case Invalid caller changed mind; will hang onto dog tonite  Animal Found
150300,101002977590,2019-07-30 15:17:00,,2019-07-30 15:23:02,ONTIME,Closed,Case Closed. Closed date : 2019-07-30 19:23:02.283 Constituent called back to cancel request  reports dog is back with owner.  ,Animal Found,Animal Control,Animal Issues,Animal Found,ANML02_LostFound,ANML,,,146 Webster St  East Boston  MA  02128,1,09,1,A7,East Boston,1,Ward 1,0101,146 Webster St,2128.0,42.36625349024487,-71.03556537822004,0101000020E6100000CC1402B446C251C0E452F564E12E4540,Constituent Call,Case Closed. Closed date : 2019-07-30 19:23:02.283 Constituent called back to cancel request  reports dog is back with owner.   Animal Found
157105,101002986102,2019-08-07 16:43:00,,2019-08-07 17:22:22,ONTIME,Closed,Case Closed. Closed date : 2019-08-07 21:22:22.01 Constituent called back to cancel  dog reunited with owner.  ,Animal Lost,Animal Control,Animal Issues,Animal Lost,ANML02_LostFound,ANML,,,71 Gardner St  Allston  MA  02134,11,04,9,D14,Allston / Brighton,14,Ward 21,2103,71 Gardner St,2134.0,42.35350961086371,-71.12773061372714,0101000020E6100000FD2906BD2CC851C09CBD8CCD3F2D4540,Constituent Call,Case Closed. Closed date : 2019-08-07 21:22:22.01 Constituent called back to cancel  dog reunited with owner.   Animal Lost
159988,101002989715,2019-08-11 15:38:00,,2019-08-11 16:28:34,ONTIME,Closed,Case Closed. Closed date : 2019-08-11 20:28:34.6 Case Resolved dog reunited w/ owner ,Animal Lost,Animal Control,Animal Issues,Animal Lost,ANML02_LostFound,ANML,,,71-73 Boylston St  Jamaica Plain  MA  02130,9,02,6,E13,Jamaica Plain,11,Ward 19,1904,71-73 Boylston St,2130.0,42.31683958807996,-71.10605064692147,0101000020E6100000D50FA788C9C651C0D6701A338E284540,Constituent Call,Case Closed. Closed date : 2019-08-11 20:28:34.6 Case Resolved dog reunited w/ owner  Animal Lost
164126,101002994654,2019-08-16 04:04:00,2019-08-19 04:30:00,2019-08-16 04:33:44,ONTIME,Closed,Case Closed. Closed date : 2019-08-16 08:33:44.86 Case Noted Dog is in the driveway which is private property  ,Pick up Dead Animal,Public Works Department,Street Cleaning,Pick up Dead Animal,PWDx_District 03: North Dorchester,PWDx,,,7 Bakersfield St  Dorchester  MA  02125,7,03,3,C11,Dorchester,7,Ward 13,1306,7 Bakersfield St,2125.0,42.317839526718735,-71.06087054302398,0101000020E6100000FAE48F4DE5C351C0095132F7AE284540,Constituent Call,Case Closed. Closed date : 2019-08-16 08:33:44.86 Case Noted Dog is in the driveway which is private property   Pick up Dead Animal
166305,101002997302,2019-08-19 08:35:00,,2019-08-19 08:50:00,ONTIME,Closed,Case Closed. Closed date : 2019-08-19 12:50:00.06 Case Resolved Constituent called back to report that his dog has been found. ,Animal Lost,Animal Control,Animal Issues,Animal Lost,ANML02_LostFound,ANML,,,296 Stratford St  West Roxbury  MA  02132,12,06,6,E5,West Roxbury,12,Ward 20,2010,296 Stratford St,2132.0,42.27777964522532,-71.14291081785098,0101000020E6100000883A6A7325C951C05EDE8D488E234540,Constituent Call,Case Closed. Closed date : 2019-08-19 12:50:00.06 Case Resolved Constituent called back to report that his dog has been found.  Animal Lost
185024,101003019080,2019-09-07 15:53:00,,2019-09-07 16:12:31,ONTIME,Closed,Case Closed. Closed date : 2019-09-07 20:12:31.447 Case Resolved Constituent called back to confirm they found the dog and would like to cancel the case.  ,Animal Found,Animal Control,Animal Issues,Animal Found,ANML02_LostFound,ANML,,,24 Burr St  Jamaica Plain  MA  02130,9,02,6,E13,Jamaica Plain,11,Ward 19,1901,24 Burr St,2130.0,42.31661959198913,-71.10910065457915,0101000020E6100000F0D84F81FBC651C0DF6EA4FD86284540,Constituent Call,Case Closed. Closed date : 2019-09-07 20:12:31.447 Case Resolved Constituent called back to confirm they found the dog and would like to cancel the case.   Animal Found
195509,101003044661,2019-09-20 21:58:00,2019-09-24 04:30:00,2019-09-20 22:17:51,ONTIME,Closed,Case Closed. Closed date : 2019-09-21 02:17:51.527 Case Resolved Dog owners explained that they will have dog taken care of themselves.  ,Pick up Dead Animal,Public Works Department,Street Cleaning,Pick up Dead Animal,PWDx_District 09: East Boston,PWDx,,,854 Saratoga St  East Boston  MA  02128,1,09,1,A7,East Boston,1,Ward 1,0111,854 Saratoga St,2128.0,42.385259461809696,-71.01362028698057,0101000020E610000032C99F27DFC051C03E799A2E50314540,Constituent Call,Case Closed. Closed date : 2019-09-21 02:17:51.527 Case Resolved Dog owners explained that they will have dog taken care of themselves.   Pick up Dead Animal
195582,101003044759,2019-09-21 04:23:00,,2019-09-21 04:25:36,ONTIME,Closed,Case Closed. Closed date : 2019-09-21 08:25:36.723 Case Noted Constituent found owner of the dog. ,Animal Found,Animal Control,Animal Issues,Animal Found,ANML02_LostFound,ANML,,,815 E Fourth St  South Boston  MA  02127,6,05,2,C6,South Boston / South Boston Waterfront,5,Ward 6,0608,815 E Fourth St,2127.0,42.33472948581627,-71.0311204384551,0101000020E6100000B85994E0FDC151C03C4B716AD82A4540,Constituent Call,Case Closed. Closed date : 2019-09-21 08:25:36.723 Case Noted Constituent found owner of the dog.  Animal Found
195588,101003044772,2019-09-21 04:31:00,,2019-09-21 04:36:32,ONTIME,Closed,Case Closed. Closed date : 2019-09-21 08:36:32.81 Case Noted Constituent found owner of the dog. ,Animal Found,Animal Control,Animal Issues,Animal Found,ANML02_LostFound,ANML,,,236 Minot St  Dorchester  MA  02124,8,07,3,C11,Dorchester,7,Ward 16,1611,236 Minot St,2124.0,42.283399523632426,-71.05672061053139,0101000020E610000074CF7B4FA1C351C004DA826F46244540,Constituent Call,Case Closed. Closed date : 2019-09-21 08:36:32.81 Case Noted Constituent found owner of the dog.  Animal Found
206247,101003061449,2019-10-05 12:38:00,,2019-10-05 12:50:53,ONTIME,Closed,Case Closed. Closed date : 2019-10-05 16:50:53.48 Case Noted Mr Quiroga called back to state he had found the dog ,Animal Lost,Animal Control,Animal Issues,Animal Lost,ANML02_LostFound,ANML,,,INTERSECTION of Beacon St & Park St  Boston  MA  ,3,1C,7,A1,Beacon Hill,14,5,0503,INTERSECTION Beacon St & Park St,,42.3577091907604,-71.0632003161487,0101000020E610000027BD56790BC451C0B4E52D6AC92D4540,Constituent Call,Case Closed. Closed date : 2019-10-05 16:50:53.48 Case Noted Mr Quiroga called back to state he had found the dog  Animal Lost
206496,101003061795,2019-10-06 07:06:00,,2019-10-06 07:15:37,ONTIME,Closed,Case Closed. Closed date : 2019-10-06 11:15:37.79 Case Resolved dog found by neighbor and returned ,Animal Lost,Animal Control,Animal Issues,Animal Lost,ANML02_LostFound,ANML,,,37 Brighton St  Charlestown  MA  02129,3,1A,1,A15,Charlestown,2,02, ,37 Brighton St,2129.0,42.384104424678334,-71.07738169037631,0101000020E61000006E5E55D2F3C451C0051F73552A314540,Constituent Call,Case Closed. Closed date : 2019-10-06 11:15:37.79 Case Resolved dog found by neighbor and returned  Animal Lost
210806,101003068701,2019-10-13 03:38:00,,2019-10-13 04:56:13,ONTIME,Closed,Case Closed. Closed date : 2019-10-13 08:56:13.31 Case Noted Owner found dog. ,Animal Lost,Animal Control,Animal Issues,Animal Lost,ANML02_LostFound,ANML,,,20 Norwood St  Dorchester  MA  02122,8,07,3,C11,Dorchester,7,16,1610,20 Norwood St,2122.0,42.29115191100815,-71.04580837653923,0101000020E61000009BC74186EEC251C055F93F7744254540,Constituent Call,Case Closed. Closed date : 2019-10-13 08:56:13.31 Case Noted Owner found dog.  Animal Lost
229235,101003098568,2019-11-09 05:39:37,,2019-11-09 05:51:48,ONTIME,Closed,Case Closed. Closed date : 2019-11-09 10:51:48.037 Close Case Constituent determined while this case was being created that it was 43 Belmont St. that the dog barking from. ,Animal Noise Disturbances,Animal Control,Animal Issues,Animal Noise Disturbances,INFO01_GenericeFormforOtherServiceRequestTypes,INFO,,,25 Belmont St  Charlestown  MA  02129,3,1A,1,A15,Charlestown,2,Ward 2,0205,25 Belmont St,2129.0,42.381149526737474,-71.06524041168753,0101000020E6100000D5A41EE62CC451C0961CF881C9304540,Constituent Call,Case Closed. Closed date : 2019-11-09 10:51:48.037 Close Case Constituent determined while this case was being created that it was 43 Belmont St. that the dog barking from.  Animal Noise Disturbances
229516,101003099020,2019-11-10 04:23:00,2019-11-13 03:30:00,2019-11-10 04:33:56,ONTIME,Closed,Case Closed. Closed date : 2019-11-10 09:33:56.61 Case Resolved Dead dog removed from street  ,Pick up Dead Animal,Public Works Department,Street Cleaning,Pick up Dead Animal,PWDx_District 07: South Dorchester,PWDx,,,2 Capen St  Dorchester  MA  02124,8,07,4,B3,Dorchester,9,Ward 17,1707,2 Capen St,2124.0,42.28404955775437,-71.08086066335615,0101000020E6100000712934D22CC551C0C87F64BC5B244540,Constituent Call,Case Closed. Closed date : 2019-11-10 09:33:56.61 Case Resolved Dead dog removed from street   Pick up Dead Animal
237266,101003120183,2019-11-23 08:48:00,,2019-11-23 08:59:06,ONTIME,Closed,Case Closed. Closed date : 2019-11-23 13:59:06.087 Case Resolved Called over to Wholefoods to check the dogs tags and it belongs to someone shopping inside. No action needed.  ,Animal Lost,Animal Control,Animal Issues,Animal Lost,ANML02_LostFound,ANML,,,173-181 Cambridge St  Allston  MA  02134,11,04,9,D14,Allston,15,22,2201,173-181 Cambridge St,2134.0,42.35888287424972,-71.12450596702962,0101000020E61000002423E0E7F7C751C09EFFBFDFEF2D4540,Constituent Call,Case Closed. Closed date : 2019-11-23 13:59:06.087 Case Resolved Called over to Wholefoods to check the dogs tags and it belongs to someone shopping inside. No action needed.   Animal Lost
239872,101003123653,2019-11-27 10:59:00,,2019-11-30 09:37:07,ONTIME,Closed,Case Closed. Closed date : 2019-11-30 14:37:07.367 Case Resolved Constituent callled back and stated the dog was found.  ,Animal Lost,Animal Control,Animal Issues,Animal Lost,ANML02_LostFound,ANML,,,95 Jamaica St  Jamaica Plain  MA  02130,9,02,6,E13,Jamaica Plain,11,Ward 11,1109,95 Jamaica St,2130.0,42.30491960407871,-71.11651069730216,0101000020E610000001A348E974C751C0B3B6079B07274540,Constituent Call,Case Closed. Closed date : 2019-11-30 14:37:07.367 Case Resolved Constituent callled back and stated the dog was found.   Animal Lost
243705,101003128907,2019-12-04 14:25:45,,2019-12-04 14:32:28,ONTIME,Closed,Case Closed. Closed date : 2019-12-04 19:32:28.32 Case Resolved The owners came and got the dog. ,Animal Found,Animal Control,Animal Issues,Animal Found,ANML02_LostFound,ANML,,,90 Greenbrier St  Dorchester  MA  02124,7,03,4,C11,Dorchester,8,Ward 17,1702,90 Greenbrier St,2124.0,42.29695954162381,-71.07034061059382,0101000020E61000003185E77580C451C035C12FC502264540,Constituent Call,Case Closed. Closed date : 2019-12-04 19:32:28.32 Case Resolved The owners came and got the dog.  Animal Found
252427,101003140280,2019-12-18 16:44:00,,2019-12-18 17:06:36,ONTIME,Closed,Case Closed. Closed date : 2019-12-18 22:06:36.02 Case Noted BFD called back to cancel request. Dog owner is on scene. Contacted ACO on-call and updated Jones.  ,Animal Generic Request,Animal Control,Animal Issues,Animal Generic Request,INFO01_GenericeFormforOtherServiceRequestTypes,INFO,,,400 Commonwealth Ave  Boston  MA  02215,4,10A,8,D4,Back Bay,14,Ward 5,0510,400 Commonwealth Ave,2215.0,42.34860956302872,-71.09072054157689,0101000020E61000007BC9875DCEC551C0FE23F83C9F2C4540,Constituent Call,Case Closed. Closed date : 2019-12-18 22:06:36.02 Case Noted BFD called back to cancel request. Dog owner is on scene. Contacted ACO on-call and updated Jones.   Animal Generic Request
252982,101003140952,2019-12-19 08:42:00,,2019-12-19 08:54:09,ONTIME,Closed,Case Closed. Closed date : 2019-12-19 13:54:09.52 Case Invalid BPD called back to cancel case  dog's owners have been found ,Animal Generic Request,Animal Control,Animal Issues,Animal Generic Request,INFO01_GenericeFormforOtherServiceRequestTypes,INFO,,,INTERSECTION of Norton St & River St  Hyde Park  MA  ,12,08,5,E18,Hyde Park,10,18,1819,INTERSECTION Norton St & River St,,42.24397800350359,-71.13831025414578,0101000020E61000007C904013DAC851C0E2FED4AB3A1F4540,Constituent Call,Case Closed. Closed date : 2019-12-19 13:54:09.52 Case Invalid BPD called back to cancel case  dog's owners have been found  Animal Generic Request
255670,101003144187,2019-12-23 16:07:00,,2019-12-23 16:31:04,ONTIME,Closed,Case Closed. Closed date : 2019-12-23 21:31:04.167 Case Resolved Owner of Dog came to get dog ,Animal Generic Request,Animal Control,Animal Issues,Animal Generic Request,INFO01_GenericeFormforOtherServiceRequestTypes,INFO,,,181 Manchester St  Mattapan  MA  02126,8,07,3,B3,Dorchester,7,Ward 17,1714,181 Manchester St,2126.0,42.27442955062511,-71.07513067218787,0101000020E61000004CFEE0F0CEC451C0D37EEC8120234540,Constituent Call,Case Closed. Closed date : 2019-12-23 21:31:04.167 Case Resolved Owner of Dog came to get dog  Animal Generic Request
256135,101003144764,2019-12-25 07:57:00,,2019-12-25 08:49:35,ONTIME,Closed,Case Closed. Closed date : 2019-12-25 13:49:35.08 Case Resolved dog found ,Animal Lost,Animal Control,Animal Issues,Animal Lost,ANML02_LostFound,ANML,,,102 Draper St  Dorchester  MA  02122,7,03,3,C11,Dorchester,8,Ward 15,1507,102 Draper St,2122.0,42.30485953403922,-71.06538058246716,0101000020E61000005ADF09322FC451C0404920A305274540,Constituent Call,Case Closed. Closed date : 2019-12-25 13:49:35.08 Case Resolved dog found  Animal Lost
256609,101003145360,2019-12-26 13:57:00,,2019-12-26 14:19:23,ONTIME,Closed,Case Closed. Closed date : 2019-12-26 19:19:23.387 Constituent called back to report dog was found.  ,Animal Lost,Animal Control,Animal Issues,Animal Lost,ANML02_LostFound,ANML,,,20 Port Norfolk St  Dorchester  MA  02122,8,07,3,C11,Dorchester,7,Ward 16,1610,20 Port Norfolk St,2122.0,42.289699501231865,-71.04085056069509,0101000020E61000005B8DAB4B9DC251C0ACBA8DDF14254540,Constituent Call,Case Closed. Closed date : 2019-12-26 19:19:23.387 Constituent called back to report dog was found.   Animal Lost
